[
  {
    "value": "cake",
    "synonyms": [
      "cake",
      "butterscotchcake",
      "chocolatecake",
      "mix fruitcake"
    ]
  },
  {
    "value": "ice cream",
    "synonyms": [
      "ice cream",
      "chocolate icecream",
      "butterscotch ice cream"
    ]
  },
  {
    "value": "cupcake",
    "synonyms": [
      "cupcake",
      "double chocolate",
      "apple cupcake"
    ]
  },
  {
    "value": "donut",
    "synonyms": [
      "donut",
      "double chocolate donut",
      "kit cat donut"
    ]
  }
]